time_s,true_altitude_ft,true_ground_speed,target_altitude_ft,baro_valid,baro_sigma,gps_valid,gps_sigma_ft,baro_altitude_ft,gps_altitude_ft
0.1,1000.8333333333334,120,5000,True,0,True,0.0,1000.8333333333334,1000.8333333333334
0.2,1001.6666666666667,120,5000,True,0,True,0.0,1001.6666666666667,1001.6666666666667
0.30000000000000004,1002.5000000000001,120,5000,True,0,True,0.0,1002.5000000000001,1002.5000000000001
0.4,1003.3333333333335,120,5000,True,0,True,0.0,1003.3333333333335,1003.3333333333335
0.5,1004.1666666666669,120,5000,True,0,True,0.0,1004.1666666666669,1004.1666666666669
0.6,1005.0000000000002,120,5000,True,0,True,0.0,1005.0000000000002,1005.0000000000002
0.7,1005.8333333333336,120,5000,True,0,True,0.0,1005.8333333333336,1005.8333333333336
0.7999999999999999,1006.666666666667,120,5000,True,0,True,0.0,1006.666666666667,1006.666666666667
0.8999999999999999,1007.5000000000003,120,5000,True,0,True,0.0,1007.5000000000003,1007.5000000000003
0.9999999999999999,1008.3333333333337,120,5000,True,0,True,0.0,1008.3333333333337,1008.3333333333337
1.0999999999999999,1009.1666666666671,120,5000,True,0,True,0.0,1009.1666666666671,1009.1666666666671
1.2,1010.0000000000005,120,5000,True,0,True,0.0,1010.0000000000005,1010.0000000000005
1.3,1010.8333333333338,120,5000,True,0,True,0.0,1010.8333333333338,1010.8333333333338
1.4000000000000001,1011.6666666666672,120,5000,True,0,True,0.0,1011.6666666666672,1011.6666666666672
1.5000000000000002,1012.5000000000006,120,5000,True,0,True,0.0,1012.5000000000006,1012.5000000000006
1.6000000000000003,1013.3333333333339,120,5000,True,0,True,0.0,1013.3333333333339,1013.3333333333339
1.7000000000000004,1014.1666666666673,120,5000,True,0,True,0.0,1014.1666666666673,1014.1666666666673
1.8000000000000005,1015.0000000000007,120,5000,True,0,True,0.0,1015.0000000000007,1015.0000000000007
1.9000000000000006,1015.833333333334,120,5000,True,0,True,0.0,1015.833333333334,1015.833333333334
2.0000000000000004,1016.6666666666674,120,5000,True,0,True,0.0,1016.6666666666674,1016.6666666666674
2.1000000000000005,1017.5000000000008,120,5000,True,0,True,0.0,1017.5000000000008,1017.5000000000008
2.2000000000000006,1018.3333333333342,120,5000,True,0,True,0.0,1018.3333333333342,1018.3333333333342
2.3000000000000007,1019.1666666666675,120,5000,True,0,True,0.0,1019.1666666666675,1019.1666666666675
2.400000000000001,1020.0000000000009,120,5000,True,0,True,0.0,1020.0000000000009,1020.0000000000009
2.500000000000001,1020.8333333333343,120,5000,True,0,True,0.0,1020.8333333333343,1020.8333333333343
2.600000000000001,1021.6666666666677,120,5000,True,0,True,0.0,1021.6666666666677,1021.6666666666677
2.700000000000001,1022.500000000001,120,5000,True,0,True,0.0,1022.500000000001,1022.500000000001
2.800000000000001,1023.3333333333344,120,5000,True,0,True,0.0,1023.3333333333344,1023.3333333333344
2.9000000000000012,1024.1666666666677,120,5000,True,0,True,0.0,1024.1666666666677,1024.1666666666677
3.0000000000000013,1025.000000000001,120,5000,True,0,True,0.0,1025.000000000001,1025.000000000001
3.1000000000000014,1025.8333333333342,120,5000,True,0,True,0.0,1025.8333333333342,1025.8333333333342
3.2000000000000015,1026.6666666666674,120,5000,True,0,True,0.0,1026.6666666666674,1026.6666666666674
3.3000000000000016,1027.5000000000007,120,5000,True,0,True,0.0,1027.5000000000007,1027.5000000000007
3.4000000000000017,1028.333333333334,120,5000,True,0,True,0.0,1028.333333333334,1028.333333333334
3.5000000000000018,1029.1666666666672,120,5000,True,0,True,0.0,1029.1666666666672,1029.1666666666672
3.600000000000002,1030.0000000000005,120,5000,True,0,True,0.0,1030.0000000000005,1030.0000000000005
3.700000000000002,1030.8333333333337,120,5000,True,0,True,0.0,1030.8333333333337,1030.8333333333337
3.800000000000002,1031.666666666667,120,5000,True,0,True,0.0,1031.666666666667,1031.666666666667
3.900000000000002,1032.5000000000002,120,5000,True,0,True,0.0,1032.5000000000002,1032.5000000000002
4.000000000000002,1033.3333333333335,120,5000,True,0,True,0.0,1033.3333333333335,1033.3333333333335
4.100000000000001,1034.1666666666667,120,5000,True,0,True,0.0,1034.1666666666667,1034.1666666666667
4.200000000000001,1035.0,120,5000,True,0,True,0.0,1035.0,1035.0
4.300000000000001,1035.8333333333333,120,5000,True,0,True,0.0,1035.8333333333333,1035.8333333333333
4.4,1036.6666666666665,120,5000,True,0,True,0.0,1036.6666666666665,1036.6666666666665
4.5,1037.4999999999998,120,5000,True,0,True,0.0,1037.4999999999998,1037.4999999999998
4.6,1038.333333333333,120,5000,True,0,True,0.0,1038.333333333333,1038.333333333333
4.699999999999999,1039.1666666666663,120,5000,True,0,True,0.0,1039.1666666666663,1039.1666666666663
4.799999999999999,1039.9999999999995,120,5000,True,0,True,0.0,1039.9999999999995,1039.9999999999995
4.899999999999999,1040.8333333333328,120,5000,True,0,True,0.0,1040.8333333333328,1040.8333333333328
4.999999999999998,1041.666666666666,120,5000,True,0,True,0.0,1041.666666666666,1041.666666666666
5.099999999999998,1042.4999999999993,120,5000,True,0,True,0.0,1042.4999999999993,1042.4999999999993
5.1999999999999975,1043.3333333333326,120,5000,True,0,True,0.0,1043.3333333333326,1043.3333333333326
5.299999999999997,1044.1666666666658,120,5000,True,0,True,0.0,1044.1666666666658,1044.1666666666658
5.399999999999997,1044.999999999999,120,5000,True,0,True,0.0,1044.999999999999,1044.999999999999
5.4999999999999964,1045.8333333333323,120,5000,True,0,True,0.0,1045.8333333333323,1045.8333333333323
5.599999999999996,1046.6666666666656,120,5000,True,0,True,0.0,1046.6666666666656,1046.6666666666656
5.699999999999996,1047.4999999999989,120,5000,True,0,True,0.0,1047.4999999999989,1047.4999999999989
5.799999999999995,1048.3333333333321,120,5000,True,0,True,0.0,1048.3333333333321,1048.3333333333321
5.899999999999995,1049.1666666666654,120,5000,True,0,True,0.0,1049.1666666666654,1049.1666666666654
5.999999999999995,1049.9999999999986,120,5000,True,0,True,0.0,1049.9999999999986,1049.9999999999986
6.099999999999994,1050.833333333332,120,5000,True,0,True,0.0,1050.833333333332,1050.833333333332
6.199999999999994,1051.6666666666652,120,5000,True,0,True,0.0,1051.6666666666652,1051.6666666666652
6.299999999999994,1052.4999999999984,120,5000,True,0,True,0.0,1052.4999999999984,1052.4999999999984
6.399999999999993,1053.3333333333317,120,5000,True,0,True,0.0,1053.3333333333317,1053.3333333333317
6.499999999999993,1054.166666666665,120,5000,True,0,True,0.0,1054.166666666665,1054.166666666665
6.5999999999999925,1054.9999999999982,120,5000,True,0,True,0.0,1054.9999999999982,1054.9999999999982
6.699999999999992,1055.8333333333314,120,5000,True,0,True,0.0,1055.8333333333314,1055.8333333333314
6.799999999999992,1056.6666666666647,120,5000,True,0,True,0.0,1056.6666666666647,1056.6666666666647
6.8999999999999915,1057.499999999998,120,5000,True,0,True,0.0,1057.499999999998,1057.499999999998
6.999999999999991,1058.3333333333312,120,5000,True,0,True,0.0,1058.3333333333312,1058.3333333333312
7.099999999999991,1059.1666666666645,120,5000,True,0,True,0.0,1059.1666666666645,1059.1666666666645
7.19999999999999,1059.9999999999977,120,5000,True,0,True,0.0,1059.9999999999977,1059.9999999999977
7.29999999999999,1060.833333333331,120,5000,True,0,True,0.0,1060.833333333331,1060.833333333331
7.39999999999999,1061.6666666666642,120,5000,True,0,True,0.0,1061.6666666666642,1061.6666666666642
7.499999999999989,1062.4999999999975,120,5000,True,0,True,0.0,1062.4999999999975,1062.4999999999975
7.599999999999989,1063.3333333333308,120,5000,True,0,True,0.0,1063.3333333333308,1063.3333333333308
7.699999999999989,1064.166666666664,120,5000,True,0,True,0.0,1064.166666666664,1064.166666666664
7.799999999999988,1064.9999999999973,120,5000,True,0,True,0.0,1064.9999999999973,1064.9999999999973
7.899999999999988,1065.8333333333305,120,5000,True,0,True,0.0,1065.8333333333305,1065.8333333333305
7.999999999999988,1066.6666666666638,120,5000,True,0,True,0.0,1066.6666666666638,1066.6666666666638
8.099999999999987,1067.499999999997,120,5000,True,0,True,0.0,1067.499999999997,1067.499999999997
8.199999999999987,1068.3333333333303,120,5000,True,0,True,0.0,1068.3333333333303,1068.3333333333303
8.299999999999986,1069.1666666666636,120,5000,True,0,True,0.0,1069.1666666666636,1069.1666666666636
8.399999999999986,1069.9999999999968,120,5000,True,0,True,0.0,1069.9999999999968,1069.9999999999968
8.499999999999986,1070.83333333333,120,5000,True,0,True,0.0,1070.83333333333,1070.83333333333
8.599999999999985,1071.6666666666633,120,5000,True,0,True,0.0,1071.6666666666633,1071.6666666666633
8.699999999999985,1072.4999999999966,120,5000,True,0,True,0.0,1072.4999999999966,1072.4999999999966
8.799999999999985,1073.3333333333298,120,5000,True,0,True,0.0,1073.3333333333298,1073.3333333333298
8.899999999999984,1074.166666666663,120,5000,True,0,True,0.0,1074.166666666663,1074.166666666663
8.999999999999984,1074.9999999999964,120,5000,True,0,True,0.0,1074.9999999999964,1074.9999999999964
9.099999999999984,1075.8333333333296,120,5000,True,0,True,0.0,1075.8333333333296,1075.8333333333296
9.199999999999983,1076.6666666666629,120,5000,True,0,True,0.0,1076.6666666666629,1076.6666666666629
9.299999999999983,1077.4999999999961,120,5000,True,0,True,0.0,1077.4999999999961,1077.4999999999961
9.399999999999983,1078.3333333333294,120,5000,True,0,True,0.0,1078.3333333333294,1078.3333333333294
9.499999999999982,1079.1666666666626,120,5000,True,0,True,0.0,1079.1666666666626,1079.1666666666626
9.599999999999982,1079.999999999996,120,5000,True,0,True,0.0,1079.999999999996,1079.999999999996
9.699999999999982,1080.8333333333292,120,5000,True,0,True,0.0,1080.8333333333292,1080.8333333333292
9.799999999999981,1081.6666666666624,120,5000,True,0,True,0.0,1081.6666666666624,1081.6666666666624
9.89999999999998,1082.4999999999957,120,5000,True,0,True,0.0,1082.4999999999957,1082.4999999999957
9.99999999999998,1083.333333333329,120,5000,True,0,True,0.0,1083.333333333329,1083.333333333329
10.09999999999998,1084.1666666666622,120,5000,True,0,True,0.0,1084.1666666666622,1084.1666666666622
10.19999999999998,1084.9999999999955,120,5000,True,0,True,0.0,1084.9999999999955,1084.9999999999955
10.29999999999998,1085.8333333333287,120,5000,True,0,True,0.0,1085.8333333333287,1085.8333333333287
10.399999999999979,1086.666666666662,120,5000,True,0,True,0.0,1086.666666666662,1086.666666666662
10.499999999999979,1087.4999999999952,120,5000,True,0,True,0.0,1087.4999999999952,1087.4999999999952
10.599999999999978,1088.3333333333285,120,5000,True,0,True,0.0,1088.3333333333285,1088.3333333333285
10.699999999999978,1089.1666666666617,120,5000,True,0,True,0.0,1089.1666666666617,1089.1666666666617
10.799999999999978,1089.999999999995,120,5000,True,0,True,0.0,1089.999999999995,1089.999999999995
10.899999999999977,1090.8333333333283,120,5000,True,0,True,0.0,1090.8333333333283,1090.8333333333283
10.999999999999977,1091.6666666666615,120,5000,True,0,True,0.0,1091.6666666666615,1091.6666666666615
11.099999999999977,1092.4999999999948,120,5000,True,0,True,0.0,1092.4999999999948,1092.4999999999948
11.199999999999976,1093.333333333328,120,5000,True,0,True,0.0,1093.333333333328,1093.333333333328
11.299999999999976,1094.1666666666613,120,5000,True,0,True,0.0,1094.1666666666613,1094.1666666666613
11.399999999999975,1094.9999999999945,120,5000,True,0,True,0.0,1094.9999999999945,1094.9999999999945
11.499999999999975,1095.8333333333278,120,5000,True,0,True,0.0,1095.8333333333278,1095.8333333333278
11.599999999999975,1096.666666666661,120,5000,True,0,True,0.0,1096.666666666661,1096.666666666661
11.699999999999974,1097.4999999999943,120,5000,True,0,True,0.0,1097.4999999999943,1097.4999999999943
11.799999999999974,1098.3333333333276,120,5000,True,0,True,0.0,1098.3333333333276,1098.3333333333276
11.899999999999974,1099.1666666666608,120,5000,True,0,True,0.0,1099.1666666666608,1099.1666666666608
11.999999999999973,1099.999999999994,120,5000,True,0,True,0.0,1099.999999999994,1099.999999999994
12.099999999999973,1100.8333333333273,120,5000,True,0,True,0.0,1100.8333333333273,1100.8333333333273
12.199999999999973,1101.6666666666606,120,5000,True,0,True,0.0,1101.6666666666606,1101.6666666666606
12.299999999999972,1102.4999999999939,120,5000,True,0,True,0.0,1102.4999999999939,1102.4999999999939
12.399999999999972,1103.3333333333271,120,5000,True,0,True,0.0,1103.3333333333271,1103.3333333333271
12.499999999999972,1104.1666666666604,120,5000,True,0,True,0.0,1104.1666666666604,1104.1666666666604
12.599999999999971,1104.9999999999936,120,5000,True,0,True,0.0,1104.9999999999936,1104.9999999999936
12.69999999999997,1105.833333333327,120,5000,True,0,True,0.0,1105.833333333327,1105.833333333327
12.79999999999997,1106.6666666666601,120,5000,True,0,True,0.0,1106.6666666666601,1106.6666666666601
12.89999999999997,1107.4999999999934,120,5000,True,0,True,0.0,1107.4999999999934,1107.4999999999934
12.99999999999997,1108.3333333333267,120,5000,True,0,True,0.0,1108.3333333333267,1108.3333333333267
13.09999999999997,1109.16666666666,120,5000,True,0,True,0.0,1109.16666666666,1109.16666666666
13.199999999999969,1109.9999999999932,120,5000,True,0,True,0.0,1109.9999999999932,1109.9999999999932
13.299999999999969,1110.8333333333264,120,5000,True,0,True,0.0,1110.8333333333264,1110.8333333333264
13.399999999999968,1111.6666666666597,120,5000,True,0,True,0.0,1111.6666666666597,1111.6666666666597
13.499999999999968,1112.499999999993,120,5000,True,0,True,0.0,1112.499999999993,1112.499999999993
13.599999999999968,1113.3333333333262,120,5000,True,0,True,0.0,1113.3333333333262,1113.3333333333262
13.699999999999967,1114.1666666666595,120,5000,True,0,True,0.0,1114.1666666666595,1114.1666666666595
13.799999999999967,1114.9999999999927,120,5000,True,0,True,0.0,1114.9999999999927,1114.9999999999927
13.899999999999967,1115.833333333326,120,5000,True,0,True,0.0,1115.833333333326,1115.833333333326
13.999999999999966,1116.6666666666592,120,5000,True,0,True,0.0,1116.6666666666592,1116.6666666666592
14.099999999999966,1117.4999999999925,120,5000,True,0,True,0.0,1117.4999999999925,1117.4999999999925
14.199999999999966,1118.3333333333258,120,5000,True,0,True,0.0,1118.3333333333258,1118.3333333333258
14.299999999999965,1119.166666666659,120,5000,True,0,True,0.0,1119.166666666659,1119.166666666659
14.399999999999965,1119.9999999999923,120,5000,True,0,True,0.0,1119.9999999999923,1119.9999999999923
14.499999999999964,1120.8333333333255,120,5000,True,0,True,0.0,1120.8333333333255,1120.8333333333255
14.599999999999964,1121.6666666666588,120,5000,True,0,True,0.0,1121.6666666666588,1121.6666666666588
14.699999999999964,1122.499999999992,120,5000,True,0,True,0.0,1122.499999999992,1122.499999999992
14.799999999999963,1123.3333333333253,120,5000,True,0,True,0.0,1123.3333333333253,1123.3333333333253
14.899999999999963,1124.1666666666586,120,5000,True,0,True,0.0,1124.1666666666586,1124.1666666666586
14.999999999999963,1124.9999999999918,120,5000,True,0,True,0.0,1124.9999999999918,1124.9999999999918
15.099999999999962,1125.833333333325,120,5000,True,0,True,0.0,1125.833333333325,1125.833333333325
15.199999999999962,1126.6666666666583,120,5000,True,0,True,0.0,1126.6666666666583,1126.6666666666583
15.299999999999962,1127.4999999999916,120,5000,True,0,True,0.0,1127.4999999999916,1127.4999999999916
15.399999999999961,1128.3333333333248,120,5000,True,0,True,0.0,1128.3333333333248,1128.3333333333248
15.499999999999961,1129.166666666658,120,5000,True,0,True,0.0,1129.166666666658,1129.166666666658
15.59999999999996,1129.9999999999914,120,5000,True,0,True,0.0,1129.9999999999914,1129.9999999999914
15.69999999999996,1130.8333333333246,120,5000,True,0,True,0.0,1130.8333333333246,1130.8333333333246
15.79999999999996,1131.6666666666579,120,5000,True,0,True,0.0,1131.6666666666579,1131.6666666666579
15.89999999999996,1132.4999999999911,120,5000,True,0,True,0.0,1132.4999999999911,1132.4999999999911
15.99999999999996,1133.3333333333244,120,5000,True,0,True,0.0,1133.3333333333244,1133.3333333333244
16.09999999999996,1134.1666666666576,120,5000,True,0,True,0.0,1134.1666666666576,1134.1666666666576
16.19999999999996,1134.999999999991,120,5000,True,0,True,0.0,1134.999999999991,1134.999999999991
16.29999999999996,1135.8333333333242,120,5000,True,0,True,0.0,1135.8333333333242,1135.8333333333242
16.399999999999963,1136.6666666666574,120,5000,True,0,True,0.0,1136.6666666666574,1136.6666666666574
16.499999999999964,1137.4999999999907,120,5000,True,0,True,0.0,1137.4999999999907,1137.4999999999907
16.599999999999966,1138.333333333324,120,5000,True,0,True,0.0,1138.333333333324,1138.333333333324
16.699999999999967,1139.1666666666572,120,5000,True,0,True,0.0,1139.1666666666572,1139.1666666666572
16.79999999999997,1139.9999999999905,120,5000,True,0,True,0.0,1139.9999999999905,1139.9999999999905
16.89999999999997,1140.8333333333237,120,5000,True,0,True,0.0,1140.8333333333237,1140.8333333333237
16.99999999999997,1141.666666666657,120,5000,True,0,True,0.0,1141.666666666657,1141.666666666657
17.099999999999973,1142.4999999999902,120,5000,True,0,True,0.0,1142.4999999999902,1142.4999999999902
17.199999999999974,1143.3333333333235,120,5000,True,0,True,0.0,1143.3333333333235,1143.3333333333235
17.299999999999976,1144.1666666666567,120,5000,True,0,True,0.0,1144.1666666666567,1144.1666666666567
17.399999999999977,1144.99999999999,120,5000,True,0,True,0.0,1144.99999999999,1144.99999999999
17.49999999999998,1145.8333333333233,120,5000,True,0,True,0.0,1145.8333333333233,1145.8333333333233
17.59999999999998,1146.6666666666565,120,5000,True,0,True,0.0,1146.6666666666565,1146.6666666666565
17.69999999999998,1147.4999999999898,120,5000,True,0,True,0.0,1147.4999999999898,1147.4999999999898
17.799999999999983,1148.333333333323,120,5000,True,0,True,0.0,1148.333333333323,1148.333333333323
17.899999999999984,1149.1666666666563,120,5000,True,0,True,0.0,1149.1666666666563,1149.1666666666563
17.999999999999986,1149.9999999999895,120,5000,True,0,True,0.0,1149.9999999999895,1149.9999999999895
18.099999999999987,1150.8333333333228,120,5000,True,0,True,0.0,1150.8333333333228,1150.8333333333228
18.19999999999999,1151.666666666656,120,5000,True,0,True,0.0,1151.666666666656,1151.666666666656
18.29999999999999,1152.4999999999893,120,5000,True,0,True,0.0,1152.4999999999893,1152.4999999999893
18.39999999999999,1153.3333333333226,120,5000,True,0,True,0.0,1153.3333333333226,1153.3333333333226
18.499999999999993,1154.1666666666558,120,5000,True,0,True,0.0,1154.1666666666558,1154.1666666666558
18.599999999999994,1154.999999999989,120,5000,True,0,True,0.0,1154.999999999989,1154.999999999989
18.699999999999996,1155.8333333333223,120,5000,True,0,True,0.0,1155.8333333333223,1155.8333333333223
18.799999999999997,1156.6666666666556,120,5000,True,0,True,0.0,1156.6666666666556,1156.6666666666556
18.9,1157.4999999999889,120,5000,True,0,True,0.0,1157.4999999999889,1157.4999999999889
19.0,1158.3333333333221,120,5000,True,0,True,0.0,1158.3333333333221,1158.3333333333221
19.1,1159.1666666666554,120,5000,True,0,True,0.0,1159.1666666666554,1159.1666666666554
19.200000000000003,1159.9999999999886,120,5000,True,0,True,0.0,1159.9999999999886,1159.9999999999886
19.300000000000004,1160.833333333322,120,5000,True,0,True,0.0,1160.833333333322,1160.833333333322
19.400000000000006,1161.6666666666551,120,5000,True,0,True,0.0,1161.6666666666551,1161.6666666666551
19.500000000000007,1162.4999999999884,120,5000,True,0,True,0.0,1162.4999999999884,1162.4999999999884
19.60000000000001,1163.3333333333217,120,5000,True,0,True,0.0,1163.3333333333217,1163.3333333333217
19.70000000000001,1164.166666666655,120,5000,True,0,True,0.0,1164.166666666655,1164.166666666655
19.80000000000001,1164.9999999999882,120,5000,True,0,True,0.0,1164.9999999999882,1164.9999999999882
19.900000000000013,1165.8333333333214,120,5000,True,0,True,0.0,1165.8333333333214,1165.8333333333214
20.000000000000014,1166.6666666666547,120,5000,True,0,True,0.0,1166.6666666666547,1166.6666666666547
20.100000000000016,1167.499999999988,120,5000,True,0,True,0.0,1167.499999999988,1167.499999999988
20.200000000000017,1168.3333333333212,120,5000,True,0,True,0.0,1168.3333333333212,1168.3333333333212
20.30000000000002,1169.1666666666545,120,5000,True,0,True,0.0,1169.1666666666545,1169.1666666666545
20.40000000000002,1169.9999999999877,120,5000,True,0,True,0.0,1169.9999999999877,1169.9999999999877
20.50000000000002,1170.833333333321,120,5000,True,0,True,0.0,1170.833333333321,1170.833333333321
20.600000000000023,1171.6666666666542,120,5000,True,0,True,0.0,1171.6666666666542,1171.6666666666542
20.700000000000024,1172.4999999999875,120,5000,True,0,True,0.0,1172.4999999999875,1172.4999999999875
20.800000000000026,1173.3333333333208,120,5000,True,0,True,0.0,1173.3333333333208,1173.3333333333208
20.900000000000027,1174.166666666654,120,5000,True,0,True,0.0,1174.166666666654,1174.166666666654
21.00000000000003,1174.9999999999873,120,5000,True,0,True,0.0,1174.9999999999873,1174.9999999999873
21.10000000000003,1175.8333333333205,120,5000,True,0,True,0.0,1175.8333333333205,1175.8333333333205
21.20000000000003,1176.6666666666538,120,5000,True,0,True,0.0,1176.6666666666538,1176.6666666666538
21.300000000000033,1177.499999999987,120,5000,True,0,True,0.0,1177.499999999987,1177.499999999987
21.400000000000034,1178.3333333333203,120,5000,True,0,True,0.0,1178.3333333333203,1178.3333333333203
21.500000000000036,1179.1666666666536,120,5000,True,0,True,0.0,1179.1666666666536,1179.1666666666536
21.600000000000037,1179.9999999999868,120,5000,True,0,True,0.0,1179.9999999999868,1179.9999999999868
21.70000000000004,1180.83333333332,120,5000,True,0,True,0.0,1180.83333333332,1180.83333333332
21.80000000000004,1181.6666666666533,120,5000,True,0,True,0.0,1181.6666666666533,1181.6666666666533
21.90000000000004,1182.4999999999866,120,5000,True,0,True,0.0,1182.4999999999866,1182.4999999999866
22.000000000000043,1183.3333333333198,120,5000,True,0,True,0.0,1183.3333333333198,1183.3333333333198
22.100000000000044,1184.166666666653,120,5000,True,0,True,0.0,1184.166666666653,1184.166666666653
22.200000000000045,1184.9999999999864,120,5000,True,0,True,0.0,1184.9999999999864,1184.9999999999864
22.300000000000047,1185.8333333333196,120,5000,True,0,True,0.0,1185.8333333333196,1185.8333333333196
22.40000000000005,1186.6666666666529,120,5000,True,0,True,0.0,1186.6666666666529,1186.6666666666529
22.50000000000005,1187.4999999999861,120,5000,True,0,True,0.0,1187.4999999999861,1187.4999999999861
22.60000000000005,1188.3333333333194,120,5000,True,0,True,0.0,1188.3333333333194,1188.3333333333194
22.700000000000053,1189.1666666666526,120,5000,True,0,True,0.0,1189.1666666666526,1189.1666666666526
22.800000000000054,1189.999999999986,120,5000,True,0,True,0.0,1189.999999999986,1189.999999999986
22.900000000000055,1190.8333333333192,120,5000,True,0,True,0.0,1190.8333333333192,1190.8333333333192
23.000000000000057,1191.6666666666524,120,5000,True,0,True,0.0,1191.6666666666524,1191.6666666666524
23.10000000000006,1192.4999999999857,120,5000,True,0,True,0.0,1192.4999999999857,1192.4999999999857
23.20000000000006,1193.333333333319,120,5000,True,0,True,0.0,1193.333333333319,1193.333333333319
23.30000000000006,1194.1666666666522,120,5000,True,0,True,0.0,1194.1666666666522,1194.1666666666522
23.400000000000063,1194.9999999999854,120,5000,True,0,True,0.0,1194.9999999999854,1194.9999999999854
23.500000000000064,1195.8333333333187,120,5000,True,0,True,0.0,1195.8333333333187,1195.8333333333187
23.600000000000065,1196.666666666652,120,5000,True,0,True,0.0,1196.666666666652,1196.666666666652
23.700000000000067,1197.4999999999852,120,5000,True,0,True,0.0,1197.4999999999852,1197.4999999999852
23.800000000000068,1198.3333333333185,120,5000,True,0,True,0.0,1198.3333333333185,1198.3333333333185
23.90000000000007,1199.1666666666517,120,5000,True,0,True,0.0,1199.1666666666517,1199.1666666666517
24.00000000000007,1199.999999999985,120,5000,True,0,True,0.0,1199.999999999985,1199.999999999985
24.100000000000072,1200.8333333333183,120,5000,True,0,True,0.0,1200.8333333333183,1200.8333333333183
24.200000000000074,1201.6666666666515,120,5000,True,0,True,0.0,1201.6666666666515,1201.6666666666515
24.300000000000075,1202.4999999999848,120,5000,True,0,True,0.0,1202.4999999999848,1202.4999999999848
24.400000000000077,1203.333333333318,120,5000,True,0,True,0.0,1203.333333333318,1203.333333333318
24.500000000000078,1204.1666666666513,120,5000,True,0,True,0.0,1204.1666666666513,1204.1666666666513
24.60000000000008,1204.9999999999845,120,5000,True,0,True,0.0,1204.9999999999845,1204.9999999999845
24.70000000000008,1205.8333333333178,120,5000,True,0,True,0.0,1205.8333333333178,1205.8333333333178
24.800000000000082,1206.666666666651,120,5000,True,0,True,0.0,1206.666666666651,1206.666666666651
24.900000000000084,1207.4999999999843,120,5000,True,0,True,0.0,1207.4999999999843,1207.4999999999843
25.000000000000085,1208.3333333333176,120,5000,True,0,True,0.0,1208.3333333333176,1208.3333333333176
25.100000000000087,1209.1666666666508,120,5000,True,0,True,0.0,1209.1666666666508,1209.1666666666508
25.200000000000088,1209.999999999984,120,5000,True,0,True,0.0,1209.999999999984,1209.999999999984
25.30000000000009,1210.8333333333173,120,5000,True,0,True,0.0,1210.8333333333173,1210.8333333333173
25.40000000000009,1211.6666666666506,120,5000,True,0,True,0.0,1211.6666666666506,1211.6666666666506
25.500000000000092,1212.4999999999839,120,5000,True,0,True,0.0,1212.4999999999839,1212.4999999999839
25.600000000000094,1213.3333333333171,120,5000,True,0,True,0.0,1213.3333333333171,1213.3333333333171
25.700000000000095,1214.1666666666504,120,5000,True,0,True,0.0,1214.1666666666504,1214.1666666666504
25.800000000000097,1214.9999999999836,120,5000,True,0,True,0.0,1214.9999999999836,1214.9999999999836
25.900000000000098,1215.833333333317,120,5000,True,0,True,0.0,1215.833333333317,1215.833333333317
26.0000000000001,1216.6666666666501,120,5000,True,0,True,0.0,1216.6666666666501,1216.6666666666501
26.1000000000001,1217.4999999999834,120,5000,True,0,True,0.0,1217.4999999999834,1217.4999999999834
26.200000000000102,1218.3333333333167,120,5000,True,0,True,0.0,1218.3333333333167,1218.3333333333167
26.300000000000104,1219.16666666665,120,5000,True,0,True,0.0,1219.16666666665,1219.16666666665
26.400000000000105,1219.9999999999832,120,5000,True,0,True,0.0,1219.9999999999832,1219.9999999999832
26.500000000000107,1220.8333333333164,120,5000,True,0,True,0.0,1220.8333333333164,1220.8333333333164
26.600000000000108,1221.6666666666497,120,5000,True,0,True,0.0,1221.6666666666497,1221.6666666666497
26.70000000000011,1222.499999999983,120,5000,True,0,True,0.0,1222.499999999983,1222.499999999983
26.80000000000011,1223.3333333333162,120,5000,True,0,True,0.0,1223.3333333333162,1223.3333333333162
26.900000000000112,1224.1666666666495,120,5000,True,0,True,0.0,1224.1666666666495,1224.1666666666495
27.000000000000114,1224.9999999999827,120,5000,True,0,True,0.0,1224.9999999999827,1224.9999999999827
27.100000000000115,1225.833333333316,120,5000,True,0,True,0.0,1225.833333333316,1225.833333333316
27.200000000000117,1226.6666666666492,120,5000,True,0,True,0.0,1226.6666666666492,1226.6666666666492
27.300000000000118,1227.4999999999825,120,5000,True,0,True,0.0,1227.4999999999825,1227.4999999999825
27.40000000000012,1228.3333333333157,120,5000,True,0,True,0.0,1228.3333333333157,1228.3333333333157
27.50000000000012,1229.166666666649,120,5000,True,0,True,0.0,1229.166666666649,1229.166666666649
27.600000000000122,1229.9999999999823,120,5000,True,0,True,0.0,1229.9999999999823,1229.9999999999823
27.700000000000124,1230.8333333333155,120,5000,True,0,True,0.0,1230.8333333333155,1230.8333333333155
27.800000000000125,1231.6666666666488,120,5000,True,0,True,0.0,1231.6666666666488,1231.6666666666488
27.900000000000126,1232.499999999982,120,5000,True,0,True,0.0,1232.499999999982,1232.499999999982
28.000000000000128,1233.3333333333153,120,5000,True,0,True,0.0,1233.3333333333153,1233.3333333333153
28.10000000000013,1234.1666666666486,120,5000,True,0,True,0.0,1234.1666666666486,1234.1666666666486
28.20000000000013,1234.9999999999818,120,5000,True,0,True,0.0,1234.9999999999818,1234.9999999999818
28.300000000000132,1235.833333333315,120,5000,True,0,True,0.0,1235.833333333315,1235.833333333315
28.400000000000134,1236.6666666666483,120,5000,True,0,True,0.0,1236.6666666666483,1236.6666666666483
28.500000000000135,1237.4999999999816,120,5000,True,0,True,0.0,1237.4999999999816,1237.4999999999816
28.600000000000136,1238.3333333333148,120,5000,True,0,True,0.0,1238.3333333333148,1238.3333333333148
28.700000000000138,1239.166666666648,120,5000,True,0,True,0.0,1239.166666666648,1239.166666666648
28.80000000000014,1239.9999999999814,120,5000,True,0,True,0.0,1239.9999999999814,1239.9999999999814
28.90000000000014,1240.8333333333146,120,5000,True,0,True,0.0,1240.8333333333146,1240.8333333333146
29.000000000000142,1241.6666666666479,120,5000,True,0,True,0.0,1241.6666666666479,1241.6666666666479
29.100000000000144,1242.4999999999811,120,5000,True,0,True,0.0,1242.4999999999811,1242.4999999999811
29.200000000000145,1243.3333333333144,120,5000,True,0,True,0.0,1243.3333333333144,1243.3333333333144
29.300000000000146,1244.1666666666476,120,5000,True,0,True,0.0,1244.1666666666476,1244.1666666666476
29.400000000000148,1244.999999999981,120,5000,True,0,True,0.0,1244.999999999981,1244.999999999981
29.50000000000015,1245.8333333333142,120,5000,True,0,True,0.0,1245.8333333333142,1245.8333333333142
29.60000000000015,1246.6666666666474,120,5000,True,0,True,0.0,1246.6666666666474,1246.6666666666474
29.700000000000152,1247.4999999999807,120,5000,True,0,True,0.0,1247.4999999999807,1247.4999999999807
29.800000000000153,1248.333333333314,120,5000,True,0,True,0.0,1248.333333333314,1248.333333333314
29.900000000000155,1249.1666666666472,120,5000,True,0,True,0.0,1249.1666666666472,1249.1666666666472
30.000000000000156,1249.9999999999804,120,5000,True,0,True,0.0,1249.9999999999804,1249.9999999999804
30.100000000000158,1250.8333333333137,120,5000,True,0,True,0.0,1250.8333333333137,1250.8333333333137
30.20000000000016,1251.666666666647,120,5000,True,0,True,0.0,1251.666666666647,1251.666666666647
30.30000000000016,1252.4999999999802,120,5000,True,0,True,0.0,1252.4999999999802,1252.4999999999802
30.400000000000162,1253.3333333333135,120,5000,True,0,True,0.0,1253.3333333333135,1253.3333333333135
30.500000000000163,1254.1666666666467,120,5000,True,0,True,0.0,1254.1666666666467,1254.1666666666467
30.600000000000165,1254.99999999998,120,5000,True,0,True,0.0,1254.99999999998,1254.99999999998
30.700000000000166,1255.8333333333132,120,5000,True,0,True,0.0,1255.8333333333132,1255.8333333333132
30.800000000000168,1256.6666666666465,120,5000,True,0,True,0.0,1256.6666666666465,1256.6666666666465
30.90000000000017,1257.4999999999798,120,5000,True,0,True,0.0,1257.4999999999798,1257.4999999999798
31.00000000000017,1258.333333333313,120,5000,True,0,True,0.0,1258.333333333313,1258.333333333313
31.100000000000172,1259.1666666666463,120,5000,True,0,True,0.0,1259.1666666666463,1259.1666666666463
31.200000000000173,1259.9999999999795,120,5000,True,0,True,0.0,1259.9999999999795,1259.9999999999795
31.300000000000175,1260.8333333333128,120,5000,True,0,True,0.0,1260.8333333333128,1260.8333333333128
31.400000000000176,1261.666666666646,120,5000,True,0,True,0.0,1261.666666666646,1261.666666666646
31.500000000000178,1262.4999999999793,120,5000,True,0,True,0.0,1262.4999999999793,1262.4999999999793
31.60000000000018,1263.3333333333126,120,5000,True,0,True,0.0,1263.3333333333126,1263.3333333333126
31.70000000000018,1264.1666666666458,120,5000,True,0,True,0.0,1264.1666666666458,1264.1666666666458
31.800000000000182,1264.999999999979,120,5000,True,0,True,0.0,1264.999999999979,1264.999999999979
31.900000000000183,1265.8333333333123,120,5000,True,0,True,0.0,1265.8333333333123,1265.8333333333123
32.000000000000185,1266.6666666666456,120,5000,True,0,True,0.0,1266.6666666666456,1266.6666666666456
32.100000000000186,1267.4999999999789,120,5000,True,0,True,0.0,1267.4999999999789,1267.4999999999789
32.20000000000019,1268.333333333312,120,5000,True,0,True,0.0,1268.333333333312,1268.333333333312
32.30000000000019,1269.1666666666454,120,5000,True,0,True,0.0,1269.1666666666454,1269.1666666666454
32.40000000000019,1269.9999999999786,120,5000,True,0,True,0.0,1269.9999999999786,1269.9999999999786
32.50000000000019,1270.8333333333119,120,5000,True,0,True,0.0,1270.8333333333119,1270.8333333333119
32.60000000000019,1271.6666666666451,120,5000,True,0,True,0.0,1271.6666666666451,1271.6666666666451
32.700000000000195,1272.4999999999784,120,5000,True,0,True,0.0,1272.4999999999784,1272.4999999999784
32.800000000000196,1273.3333333333117,120,5000,True,0,True,0.0,1273.3333333333117,1273.3333333333117
32.9000000000002,1274.166666666645,120,5000,True,0,True,0.0,1274.166666666645,1274.166666666645
33.0000000000002,1274.9999999999782,120,5000,True,0,True,0.0,1274.9999999999782,1274.9999999999782
33.1000000000002,1275.8333333333114,120,5000,True,0,True,0.0,1275.8333333333114,1275.8333333333114
33.2000000000002,1276.6666666666447,120,5000,True,0,True,0.0,1276.6666666666447,1276.6666666666447
33.3000000000002,1277.499999999978,120,5000,True,0,True,0.0,1277.499999999978,1277.499999999978
33.400000000000205,1278.3333333333112,120,5000,True,0,True,0.0,1278.3333333333112,1278.3333333333112
33.500000000000206,1279.1666666666445,120,5000,True,0,True,0.0,1279.1666666666445,1279.1666666666445
33.60000000000021,1279.9999999999777,120,5000,True,0,True,0.0,1279.9999999999777,1279.9999999999777
33.70000000000021,1280.833333333311,120,5000,True,0,True,0.0,1280.833333333311,1280.833333333311
33.80000000000021,1281.6666666666442,120,5000,True,0,True,0.0,1281.6666666666442,1281.6666666666442
33.90000000000021,1282.4999999999775,120,5000,True,0,True,0.0,1282.4999999999775,1282.4999999999775
34.00000000000021,1283.3333333333107,120,5000,True,0,True,0.0,1283.3333333333107,1283.3333333333107
34.100000000000215,1284.166666666644,120,5000,True,0,True,0.0,1284.166666666644,1284.166666666644
34.200000000000216,1284.9999999999773,120,5000,True,0,True,0.0,1284.9999999999773,1284.9999999999773
34.30000000000022,1285.8333333333105,120,5000,True,0,True,0.0,1285.8333333333105,1285.8333333333105
34.40000000000022,1286.6666666666438,120,5000,True,0,True,0.0,1286.6666666666438,1286.6666666666438
34.50000000000022,1287.499999999977,120,5000,True,0,True,0.0,1287.499999999977,1287.499999999977
34.60000000000022,1288.3333333333103,120,5000,True,0,True,0.0,1288.3333333333103,1288.3333333333103
34.70000000000022,1289.1666666666436,120,5000,True,0,True,0.0,1289.1666666666436,1289.1666666666436
34.800000000000225,1289.9999999999768,120,5000,True,0,True,0.0,1289.9999999999768,1289.9999999999768
34.900000000000226,1290.83333333331,120,5000,True,0,True,0.0,1290.83333333331,1290.83333333331
35.00000000000023,1291.6666666666433,120,5000,True,0,True,0.0,1291.6666666666433,1291.6666666666433
35.10000000000023,1292.4999999999766,120,5000,True,0,True,0.0,1292.4999999999766,1292.4999999999766
35.20000000000023,1293.3333333333098,120,5000,True,0,True,0.0,1293.3333333333098,1293.3333333333098
35.30000000000023,1294.166666666643,120,5000,True,0,True,0.0,1294.166666666643,1294.166666666643
35.40000000000023,1294.9999999999764,120,5000,True,0,True,0.0,1294.9999999999764,1294.9999999999764
35.500000000000234,1295.8333333333096,120,5000,True,0,True,0.0,1295.8333333333096,1295.8333333333096
35.600000000000236,1296.6666666666429,120,5000,True,0,True,0.0,1296.6666666666429,1296.6666666666429
35.70000000000024,1297.4999999999761,120,5000,True,0,True,0.0,1297.4999999999761,1297.4999999999761
35.80000000000024,1298.3333333333094,120,5000,True,0,True,0.0,1298.3333333333094,1298.3333333333094
35.90000000000024,1299.1666666666426,120,5000,True,0,True,0.0,1299.1666666666426,1299.1666666666426
36.00000000000024,1299.999999999976,120,5000,True,0,True,0.0,1299.999999999976,1299.999999999976
36.10000000000024,1300.8333333333092,120,5000,True,0,True,0.0,1300.8333333333092,1300.8333333333092
36.200000000000244,1301.6666666666424,120,5000,True,0,True,0.0,1301.6666666666424,1301.6666666666424
36.300000000000246,1302.4999999999757,120,5000,True,0,True,0.0,1302.4999999999757,1302.4999999999757
36.40000000000025,1303.333333333309,120,5000,True,0,True,0.0,1303.333333333309,1303.333333333309
36.50000000000025,1304.1666666666422,120,5000,True,0,True,0.0,1304.1666666666422,1304.1666666666422
36.60000000000025,1304.9999999999754,120,5000,True,0,True,0.0,1304.9999999999754,1304.9999999999754
36.70000000000025,1305.8333333333087,120,5000,True,0,True,0.0,1305.8333333333087,1305.8333333333087
36.80000000000025,1306.666666666642,120,5000,True,0,True,0.0,1306.666666666642,1306.666666666642
36.900000000000254,1307.4999999999752,120,5000,True,0,True,0.0,1307.4999999999752,1307.4999999999752
37.000000000000256,1308.3333333333085,120,5000,True,0,True,0.0,1308.3333333333085,1308.3333333333085
37.10000000000026,1309.1666666666417,120,5000,True,0,True,0.0,1309.1666666666417,1309.1666666666417
37.20000000000026,1309.999999999975,120,5000,True,0,True,0.0,1309.999999999975,1309.999999999975
37.30000000000026,1310.8333333333082,120,5000,True,0,True,0.0,1310.8333333333082,1310.8333333333082
37.40000000000026,1311.6666666666415,120,5000,True,0,True,0.0,1311.6666666666415,1311.6666666666415
37.50000000000026,1312.4999999999748,120,5000,True,0,True,0.0,1312.4999999999748,1312.4999999999748
37.600000000000264,1313.333333333308,120,5000,True,0,True,0.0,1313.333333333308,1313.333333333308
37.700000000000266,1314.1666666666413,120,5000,True,0,True,0.0,1314.1666666666413,1314.1666666666413
37.80000000000027,1314.9999999999745,120,5000,True,0,True,0.0,1314.9999999999745,1314.9999999999745
37.90000000000027,1315.8333333333078,120,5000,True,0,True,0.0,1315.8333333333078,1315.8333333333078
38.00000000000027,1316.666666666641,120,5000,True,0,True,0.0,1316.666666666641,1316.666666666641
38.10000000000027,1317.4999999999743,120,5000,True,0,True,0.0,1317.4999999999743,1317.4999999999743
38.20000000000027,1318.3333333333076,120,5000,True,0,True,0.0,1318.3333333333076,1318.3333333333076
38.300000000000274,1319.1666666666408,120,5000,True,0,True,0.0,1319.1666666666408,1319.1666666666408
38.400000000000276,1319.999999999974,120,5000,True,0,True,0.0,1319.999999999974,1319.999999999974
38.50000000000028,1320.8333333333073,120,5000,True,0,True,0.0,1320.8333333333073,1320.8333333333073
38.60000000000028,1321.6666666666406,120,5000,True,0,True,0.0,1321.6666666666406,1321.6666666666406
38.70000000000028,1322.4999999999739,120,5000,True,0,True,0.0,1322.4999999999739,1322.4999999999739
38.80000000000028,1323.333333333307,120,5000,True,0,True,0.0,1323.333333333307,1323.333333333307
38.90000000000028,1324.1666666666404,120,5000,True,0,True,0.0,1324.1666666666404,1324.1666666666404
39.000000000000284,1324.9999999999736,120,5000,True,0,True,0.0,1324.9999999999736,1324.9999999999736
39.100000000000286,1325.8333333333069,120,5000,True,0,True,0.0,1325.8333333333069,1325.8333333333069
39.20000000000029,1326.6666666666401,120,5000,True,0,True,0.0,1326.6666666666401,1326.6666666666401
39.30000000000029,1327.4999999999734,120,5000,True,0,True,0.0,1327.4999999999734,1327.4999999999734
39.40000000000029,1328.3333333333067,120,5000,True,0,True,0.0,1328.3333333333067,1328.3333333333067
39.50000000000029,1329.16666666664,120,5000,True,0,True,0.0,1329.16666666664,1329.16666666664
39.60000000000029,1329.9999999999732,120,5000,True,0,True,0.0,1329.9999999999732,1329.9999999999732
39.700000000000294,1330.8333333333064,120,5000,True,0,True,0.0,1330.8333333333064,1330.8333333333064
39.800000000000296,1331.6666666666397,120,5000,True,0,True,0.0,1331.6666666666397,1331.6666666666397
39.9000000000003,1332.499999999973,120,5000,True,0,True,0.0,1332.499999999973,1332.499999999973
40.0000000000003,1333.3333333333062,120,5000,True,0,True,0.0,1333.3333333333062,1333.3333333333062
40.1000000000003,1334.1666666666395,120,5000,True,0,True,0.0,1334.1666666666395,1334.1666666666395
40.2000000000003,1334.9999999999727,120,5000,True,0,True,0.0,1334.9999999999727,1334.9999999999727
40.3000000000003,1335.833333333306,120,5000,True,0,True,0.0,1335.833333333306,1335.833333333306
40.400000000000304,1336.6666666666392,120,5000,True,0,True,0.0,1336.6666666666392,1336.6666666666392
40.500000000000306,1337.4999999999725,120,5000,True,0,True,0.0,1337.4999999999725,1337.4999999999725
40.60000000000031,1338.3333333333057,120,5000,True,0,True,0.0,1338.3333333333057,1338.3333333333057
40.70000000000031,1339.166666666639,120,5000,True,0,True,0.0,1339.166666666639,1339.166666666639
40.80000000000031,1339.9999999999723,120,5000,True,0,True,0.0,1339.9999999999723,1339.9999999999723
40.90000000000031,1340.8333333333055,120,5000,True,0,True,0.0,1340.8333333333055,1340.8333333333055
41.00000000000031,1341.6666666666388,120,5000,True,0,True,0.0,1341.6666666666388,1341.6666666666388
41.100000000000314,1342.499999999972,120,5000,True,0,True,0.0,1342.499999999972,1342.499999999972
41.200000000000315,1343.3333333333053,120,5000,True,0,True,0.0,1343.3333333333053,1343.3333333333053
41.30000000000032,1344.1666666666385,120,5000,True,0,True,0.0,1344.1666666666385,1344.1666666666385
41.40000000000032,1344.9999999999718,120,5000,True,0,True,0.0,1344.9999999999718,1344.9999999999718
41.50000000000032,1345.833333333305,120,5000,True,0,True,0.0,1345.833333333305,1345.833333333305
41.60000000000032,1346.6666666666383,120,5000,True,0,True,0.0,1346.6666666666383,1346.6666666666383
41.70000000000032,1347.4999999999716,120,5000,True,0,True,0.0,1347.4999999999716,1347.4999999999716
41.800000000000324,1348.3333333333048,120,5000,True,0,True,0.0,1348.3333333333048,1348.3333333333048
41.900000000000325,1349.166666666638,120,5000,True,0,True,0.0,1349.166666666638,1349.166666666638
42.00000000000033,1349.9999999999714,120,5000,True,0,True,0.0,1349.9999999999714,1349.9999999999714
42.10000000000033,1350.8333333333046,120,5000,True,0,True,0.0,1350.8333333333046,1350.8333333333046
42.20000000000033,1351.6666666666379,120,5000,True,0,True,0.0,1351.6666666666379,1351.6666666666379
42.30000000000033,1352.4999999999711,120,5000,True,0,True,0.0,1352.4999999999711,1352.4999999999711
42.40000000000033,1353.3333333333044,120,5000,True,0,True,0.0,1353.3333333333044,1353.3333333333044
42.500000000000334,1354.1666666666376,120,5000,True,0,True,0.0,1354.1666666666376,1354.1666666666376
42.600000000000335,1354.999999999971,120,5000,True,0,True,0.0,1354.999999999971,1354.999999999971
42.70000000000034,1355.8333333333042,120,5000,True,0,True,0.0,1355.8333333333042,1355.8333333333042
42.80000000000034,1356.6666666666374,120,5000,True,0,True,0.0,1356.6666666666374,1356.6666666666374
42.90000000000034,1357.4999999999707,120,5000,True,0,True,0.0,1357.4999999999707,1357.4999999999707
43.00000000000034,1358.333333333304,120,5000,True,0,True,0.0,1358.333333333304,1358.333333333304
43.10000000000034,1359.1666666666372,120,5000,True,0,True,0.0,1359.1666666666372,1359.1666666666372
43.200000000000344,1359.9999999999704,120,5000,True,0,True,0.0,1359.9999999999704,1359.9999999999704
43.300000000000345,1360.8333333333037,120,5000,True,0,True,0.0,1360.8333333333037,1360.8333333333037
43.40000000000035,1361.666666666637,120,5000,True,0,True,0.0,1361.666666666637,1361.666666666637
43.50000000000035,1362.4999999999702,120,5000,True,0,True,0.0,1362.4999999999702,1362.4999999999702
43.60000000000035,1363.3333333333035,120,5000,True,0,True,0.0,1363.3333333333035,1363.3333333333035
43.70000000000035,1364.1666666666367,120,5000,True,0,True,0.0,1364.1666666666367,1364.1666666666367
43.80000000000035,1364.99999999997,120,5000,True,0,True,0.0,1364.99999999997,1364.99999999997
43.900000000000354,1365.8333333333032,120,5000,True,0,True,0.0,1365.8333333333032,1365.8333333333032
44.000000000000355,1366.6666666666365,120,5000,True,0,True,0.0,1366.6666666666365,1366.6666666666365
44.10000000000036,1367.4999999999698,120,5000,True,0,True,0.0,1367.4999999999698,1367.4999999999698
44.20000000000036,1368.333333333303,120,5000,True,0,True,0.0,1368.333333333303,1368.333333333303
44.30000000000036,1369.1666666666363,120,5000,True,0,True,0.0,1369.1666666666363,1369.1666666666363
44.40000000000036,1369.9999999999695,120,5000,True,0,True,0.0,1369.9999999999695,1369.9999999999695
44.50000000000036,1370.8333333333028,120,5000,True,0,True,0.0,1370.8333333333028,1370.8333333333028
44.600000000000364,1371.666666666636,120,5000,True,0,True,0.0,1371.666666666636,1371.666666666636
44.700000000000365,1372.4999999999693,120,5000,True,0,True,0.0,1372.4999999999693,1372.4999999999693
44.80000000000037,1373.3333333333026,120,5000,True,0,True,0.0,1373.3333333333026,1373.3333333333026
44.90000000000037,1374.1666666666358,120,5000,True,0,True,0.0,1374.1666666666358,1374.1666666666358
45.00000000000037,1374.999999999969,120,5000,True,0,True,0.0,1374.999999999969,1374.999999999969
45.10000000000037,1375.8333333333023,120,5000,True,0,True,0.0,1375.8333333333023,1375.8333333333023
45.20000000000037,1376.6666666666356,120,5000,True,0,True,0.0,1376.6666666666356,1376.6666666666356
45.300000000000374,1377.4999999999688,120,5000,True,0,True,0.0,1377.4999999999688,1377.4999999999688
45.400000000000375,1378.333333333302,120,5000,True,0,True,0.0,1378.333333333302,1378.333333333302
45.50000000000038,1379.1666666666354,120,5000,True,0,True,0.0,1379.1666666666354,1379.1666666666354
45.60000000000038,1379.9999999999686,120,5000,True,0,True,0.0,1379.9999999999686,1379.9999999999686
45.70000000000038,1380.8333333333019,120,5000,True,0,True,0.0,1380.8333333333019,1380.8333333333019
45.80000000000038,1381.6666666666351,120,5000,True,0,True,0.0,1381.6666666666351,1381.6666666666351
45.90000000000038,1382.4999999999684,120,5000,True,0,True,0.0,1382.4999999999684,1382.4999999999684
46.000000000000384,1383.3333333333017,120,5000,True,0,True,0.0,1383.3333333333017,1383.3333333333017
46.100000000000385,1384.166666666635,120,5000,True,0,True,0.0,1384.166666666635,1384.166666666635
46.20000000000039,1384.9999999999682,120,5000,True,0,True,0.0,1384.9999999999682,1384.9999999999682
46.30000000000039,1385.8333333333014,120,5000,True,0,True,0.0,1385.8333333333014,1385.8333333333014
46.40000000000039,1386.6666666666347,120,5000,True,0,True,0.0,1386.6666666666347,1386.6666666666347
46.50000000000039,1387.499999999968,120,5000,True,0,True,0.0,1387.499999999968,1387.499999999968
46.60000000000039,1388.3333333333012,120,5000,True,0,True,0.0,1388.3333333333012,1388.3333333333012
46.700000000000394,1389.1666666666345,120,5000,True,0,True,0.0,1389.1666666666345,1389.1666666666345
46.800000000000395,1389.9999999999677,120,5000,True,0,True,0.0,1389.9999999999677,1389.9999999999677
46.9000000000004,1390.833333333301,120,5000,True,0,True,0.0,1390.833333333301,1390.833333333301
47.0000000000004,1391.6666666666342,120,5000,True,0,True,0.0,1391.6666666666342,1391.6666666666342
47.1000000000004,1392.4999999999675,120,5000,True,0,True,0.0,1392.4999999999675,1392.4999999999675
47.2000000000004,1393.3333333333007,120,5000,True,0,True,0.0,1393.3333333333007,1393.3333333333007
47.3000000000004,1394.166666666634,120,5000,True,0,True,0.0,1394.166666666634,1394.166666666634
47.400000000000404,1394.9999999999673,120,5000,True,0,True,0.0,1394.9999999999673,1394.9999999999673
47.500000000000405,1395.8333333333005,120,5000,True,0,True,0.0,1395.8333333333005,1395.8333333333005
47.600000000000406,1396.6666666666338,120,5000,True,0,True,0.0,1396.6666666666338,1396.6666666666338
47.70000000000041,1397.499999999967,120,5000,True,0,True,0.0,1397.499999999967,1397.499999999967
47.80000000000041,1398.3333333333003,120,5000,True,0,True,0.0,1398.3333333333003,1398.3333333333003
47.90000000000041,1399.1666666666335,120,5000,True,0,True,0.0,1399.1666666666335,1399.1666666666335
48.00000000000041,1399.9999999999668,120,5000,True,0,True,0.0,1399.9999999999668,1399.9999999999668
48.10000000000041,1400.8333333333,120,5000,True,0,True,0.0,1400.8333333333,1400.8333333333
48.200000000000415,1401.6666666666333,120,5000,True,0,True,0.0,1401.6666666666333,1401.6666666666333
48.300000000000416,1402.4999999999666,120,5000,True,0,True,0.0,1402.4999999999666,1402.4999999999666
48.40000000000042,1403.3333333332998,120,5000,True,0,True,0.0,1403.3333333332998,1403.3333333332998
48.50000000000042,1404.166666666633,120,5000,True,0,True,0.0,1404.166666666633,1404.166666666633
48.60000000000042,1404.9999999999663,120,5000,True,0,True,0.0,1404.9999999999663,1404.9999999999663
48.70000000000042,1405.8333333332996,120,5000,True,0,True,0.0,1405.8333333332996,1405.8333333332996
48.80000000000042,1406.6666666666329,120,5000,True,0,True,0.0,1406.6666666666329,1406.6666666666329
48.900000000000425,1407.4999999999661,120,5000,True,0,True,0.0,1407.4999999999661,1407.4999999999661
49.000000000000426,1408.3333333332994,120,5000,True,0,True,0.0,1408.3333333332994,1408.3333333332994
49.10000000000043,1409.1666666666326,120,5000,True,0,True,0.0,1409.1666666666326,1409.1666666666326
49.20000000000043,1409.999999999966,120,5000,True,0,True,0.0,1409.999999999966,1409.999999999966
49.30000000000043,1410.8333333332992,120,5000,True,0,True,0.0,1410.8333333332992,1410.8333333332992
49.40000000000043,1411.6666666666324,120,5000,True,0,True,0.0,1411.6666666666324,1411.6666666666324
49.50000000000043,1412.4999999999657,120,5000,True,0,True,0.0,1412.4999999999657,1412.4999999999657
49.600000000000435,1413.333333333299,120,5000,True,0,True,0.0,1413.333333333299,1413.333333333299
49.700000000000436,1414.1666666666322,120,5000,True,0,True,0.0,1414.1666666666322,1414.1666666666322
49.80000000000044,1414.9999999999654,120,5000,True,0,True,0.0,1414.9999999999654,1414.9999999999654
49.90000000000044,1415.8333333332987,120,5000,True,0,True,0.0,1415.8333333332987,1415.8333333332987
50.00000000000044,1416.666666666632,120,5000,True,0,True,0.0,1416.666666666632,1416.666666666632
50.10000000000044,1417.4999999999652,120,5000,True,0,True,0.0,1417.4999999999652,1417.4999999999652
50.20000000000044,1418.3333333332985,120,5000,True,0,True,0.0,1418.3333333332985,1418.3333333332985
50.300000000000445,1419.1666666666317,120,5000,True,0,True,0.0,1419.1666666666317,1419.1666666666317
50.400000000000446,1419.999999999965,120,5000,True,0,True,0.0,1419.999999999965,1419.999999999965
50.50000000000045,1420.8333333332982,120,5000,True,0,True,0.0,1420.8333333332982,1420.8333333332982
50.60000000000045,1421.6666666666315,120,5000,True,0,True,0.0,1421.6666666666315,1421.6666666666315
50.70000000000045,1422.4999999999648,120,5000,True,0,True,0.0,1422.4999999999648,1422.4999999999648
50.80000000000045,1423.333333333298,120,5000,True,0,True,0.0,1423.333333333298,1423.333333333298
50.90000000000045,1424.1666666666313,120,5000,True,0,True,0.0,1424.1666666666313,1424.1666666666313
51.000000000000455,1424.9999999999645,120,5000,True,0,True,0.0,1424.9999999999645,1424.9999999999645
51.100000000000456,1425.8333333332978,120,5000,True,0,True,0.0,1425.8333333332978,1425.8333333332978
51.20000000000046,1426.666666666631,120,5000,True,0,True,0.0,1426.666666666631,1426.666666666631
51.30000000000046,1427.4999999999643,120,5000,True,0,True,0.0,1427.4999999999643,1427.4999999999643
51.40000000000046,1428.3333333332976,120,5000,True,0,True,0.0,1428.3333333332976,1428.3333333332976
51.50000000000046,1429.1666666666308,120,5000,True,0,True,0.0,1429.1666666666308,1429.1666666666308
51.60000000000046,1429.999999999964,120,5000,True,0,True,0.0,1429.999999999964,1429.999999999964
51.700000000000465,1430.8333333332973,120,5000,True,0,True,0.0,1430.8333333332973,1430.8333333332973
51.800000000000466,1431.6666666666306,120,5000,True,0,True,0.0,1431.6666666666306,1431.6666666666306
51.90000000000047,1432.4999999999638,120,5000,True,0,True,0.0,1432.4999999999638,1432.4999999999638
52.00000000000047,1433.333333333297,120,5000,True,0,True,0.0,1433.333333333297,1433.333333333297
52.10000000000047,1434.1666666666304,120,5000,True,0,True,0.0,1434.1666666666304,1434.1666666666304
52.20000000000047,1434.9999999999636,120,5000,True,0,True,0.0,1434.9999999999636,1434.9999999999636
52.30000000000047,1435.8333333332969,120,5000,True,0,True,0.0,1435.8333333332969,1435.8333333332969
52.400000000000475,1436.6666666666301,120,5000,True,0,True,0.0,1436.6666666666301,1436.6666666666301
52.500000000000476,1437.4999999999634,120,5000,True,0,True,0.0,1437.4999999999634,1437.4999999999634
52.60000000000048,1438.3333333332967,120,5000,True,0,True,0.0,1438.3333333332967,1438.3333333332967
52.70000000000048,1439.16666666663,120,5000,True,0,True,0.0,1439.16666666663,1439.16666666663
52.80000000000048,1439.9999999999632,120,5000,True,0,True,0.0,1439.9999999999632,1439.9999999999632
52.90000000000048,1440.8333333332964,120,5000,True,0,True,0.0,1440.8333333332964,1440.8333333332964
53.00000000000048,1441.6666666666297,120,5000,True,0,True,0.0,1441.6666666666297,1441.6666666666297
53.100000000000485,1442.499999999963,120,5000,True,0,True,0.0,1442.499999999963,1442.499999999963
53.200000000000486,1443.3333333332962,120,5000,True,0,True,0.0,1443.3333333332962,1443.3333333332962
53.30000000000049,1444.1666666666295,120,5000,True,0,True,0.0,1444.1666666666295,1444.1666666666295
53.40000000000049,1444.9999999999627,120,5000,True,0,True,0.0,1444.9999999999627,1444.9999999999627
53.50000000000049,1445.833333333296,120,5000,True,0,True,0.0,1445.833333333296,1445.833333333296
53.60000000000049,1446.6666666666292,120,5000,True,0,True,0.0,1446.6666666666292,1446.6666666666292
53.70000000000049,1447.4999999999625,120,5000,True,0,True,0.0,1447.4999999999625,1447.4999999999625
53.800000000000495,1448.3333333332957,120,5000,True,0,True,0.0,1448.3333333332957,1448.3333333332957
53.900000000000496,1449.166666666629,120,5000,True,0,True,0.0,1449.166666666629,1449.166666666629
54.0000000000005,1449.9999999999623,120,5000,True,0,True,0.0,1449.9999999999623,1449.9999999999623
54.1000000000005,1450.8333333332955,120,5000,True,0,True,0.0,1450.8333333332955,1450.8333333332955
54.2000000000005,1451.6666666666288,120,5000,True,0,True,0.0,1451.6666666666288,1451.6666666666288
54.3000000000005,1452.499999999962,120,5000,True,0,True,0.0,1452.499999999962,1452.499999999962
54.4000000000005,1453.3333333332953,120,5000,True,0,True,0.0,1453.3333333332953,1453.3333333332953
54.500000000000504,1454.1666666666285,120,5000,True,0,True,0.0,1454.1666666666285,1454.1666666666285
54.600000000000506,1454.9999999999618,120,5000,True,0,True,0.0,1454.9999999999618,1454.9999999999618
54.70000000000051,1455.833333333295,120,5000,True,0,True,0.0,1455.833333333295,1455.833333333295
54.80000000000051,1456.6666666666283,120,5000,True,0,True,0.0,1456.6666666666283,1456.6666666666283
54.90000000000051,1457.4999999999616,120,5000,True,0,True,0.0,1457.4999999999616,1457.4999999999616
55.00000000000051,1458.3333333332948,120,5000,True,0,True,0.0,1458.3333333332948,1458.3333333332948
55.10000000000051,1459.166666666628,120,5000,True,0,True,0.0,1459.166666666628,1459.166666666628
55.200000000000514,1459.9999999999613,120,5000,True,0,True,0.0,1459.9999999999613,1459.9999999999613
55.300000000000516,1460.8333333332946,120,5000,True,0,True,0.0,1460.8333333332946,1460.8333333332946
55.40000000000052,1461.6666666666279,120,5000,True,0,True,0.0,1461.6666666666279,1461.6666666666279
55.50000000000052,1462.4999999999611,120,5000,True,0,True,0.0,1462.4999999999611,1462.4999999999611
55.60000000000052,1463.3333333332944,120,5000,True,0,True,0.0,1463.3333333332944,1463.3333333332944
55.70000000000052,1464.1666666666276,120,5000,True,0,True,0.0,1464.1666666666276,1464.1666666666276
55.80000000000052,1464.999999999961,120,5000,True,0,True,0.0,1464.999999999961,1464.999999999961
55.900000000000524,1465.8333333332941,120,5000,True,0,True,0.0,1465.8333333332941,1465.8333333332941
56.000000000000526,1466.6666666666274,120,5000,True,0,True,0.0,1466.6666666666274,1466.6666666666274
56.10000000000053,1467.4999999999607,120,5000,True,0,True,0.0,1467.4999999999607,1467.4999999999607
56.20000000000053,1468.333333333294,120,5000,True,0,True,0.0,1468.333333333294,1468.333333333294
56.30000000000053,1469.1666666666272,120,5000,True,0,True,0.0,1469.1666666666272,1469.1666666666272
56.40000000000053,1469.9999999999604,120,5000,True,0,True,0.0,1469.9999999999604,1469.9999999999604
56.50000000000053,1470.8333333332937,120,5000,True,0,True,0.0,1470.8333333332937,1470.8333333332937
56.600000000000534,1471.666666666627,120,5000,True,0,True,0.0,1471.666666666627,1471.666666666627
56.700000000000536,1472.4999999999602,120,5000,True,0,True,0.0,1472.4999999999602,1472.4999999999602
56.80000000000054,1473.3333333332935,120,5000,True,0,True,0.0,1473.3333333332935,1473.3333333332935
56.90000000000054,1474.1666666666267,120,5000,True,0,True,0.0,1474.1666666666267,1474.1666666666267
57.00000000000054,1474.99999999996,120,5000,True,0,True,0.0,1474.99999999996,1474.99999999996
57.10000000000054,1475.8333333332932,120,5000,True,0,True,0.0,1475.8333333332932,1475.8333333332932
57.20000000000054,1476.6666666666265,120,5000,True,0,True,0.0,1476.6666666666265,1476.6666666666265
57.300000000000544,1477.4999999999598,120,5000,True,0,True,0.0,1477.4999999999598,1477.4999999999598
57.400000000000546,1478.333333333293,120,5000,True,0,True,0.0,1478.333333333293,1478.333333333293
57.50000000000055,1479.1666666666263,120,5000,True,0,True,0.0,1479.1666666666263,1479.1666666666263
57.60000000000055,1479.9999999999595,120,5000,True,0,True,0.0,1479.9999999999595,1479.9999999999595
57.70000000000055,1480.8333333332928,120,5000,True,0,True,0.0,1480.8333333332928,1480.8333333332928
57.80000000000055,1481.666666666626,120,5000,True,0,True,0.0,1481.666666666626,1481.666666666626
57.90000000000055,1482.4999999999593,120,5000,True,0,True,0.0,1482.4999999999593,1482.4999999999593
58.000000000000554,1483.3333333332926,120,5000,True,0,True,0.0,1483.3333333332926,1483.3333333332926
58.100000000000556,1484.1666666666258,120,5000,True,0,True,0.0,1484.1666666666258,1484.1666666666258
58.20000000000056,1484.999999999959,120,5000,True,0,True,0.0,1484.999999999959,1484.999999999959
58.30000000000056,1485.8333333332923,120,5000,True,0,True,0.0,1485.8333333332923,1485.8333333332923
58.40000000000056,1486.6666666666256,120,5000,True,0,True,0.0,1486.6666666666256,1486.6666666666256
58.50000000000056,1487.4999999999588,120,5000,True,0,True,0.0,1487.4999999999588,1487.4999999999588
58.60000000000056,1488.333333333292,120,5000,True,0,True,0.0,1488.333333333292,1488.333333333292
58.700000000000564,1489.1666666666254,120,5000,True,0,True,0.0,1489.1666666666254,1489.1666666666254
58.800000000000566,1489.9999999999586,120,5000,True,0,True,0.0,1489.9999999999586,1489.9999999999586
58.90000000000057,1490.8333333332919,120,5000,True,0,True,0.0,1490.8333333332919,1490.8333333332919
59.00000000000057,1491.6666666666251,120,5000,True,0,True,0.0,1491.6666666666251,1491.6666666666251
59.10000000000057,1492.4999999999584,120,5000,True,0,True,0.0,1492.4999999999584,1492.4999999999584
59.20000000000057,1493.3333333332916,120,5000,True,0,True,0.0,1493.3333333332916,1493.3333333332916
59.30000000000057,1494.166666666625,120,5000,True,0,True,0.0,1494.166666666625,1494.166666666625
59.400000000000574,1494.9999999999582,120,5000,True,0,True,0.0,1494.9999999999582,1494.9999999999582
59.500000000000576,1495.8333333332914,120,5000,True,0,True,0.0,1495.8333333332914,1495.8333333332914
59.60000000000058,1496.6666666666247,120,5000,True,0,True,0.0,1496.6666666666247,1496.6666666666247
59.70000000000058,1497.499999999958,120,5000,True,0,True,0.0,1497.499999999958,1497.499999999958
59.80000000000058,1498.3333333332912,120,5000,True,0,True,0.0,1498.3333333332912,1498.3333333332912
59.90000000000058,1499.1666666666245,120,5000,True,0,True,0.0,1499.1666666666245,1499.1666666666245
60.00000000000058,1499.9999999999577,120,5000,True,0,True,0.0,1499.9999999999577,1499.9999999999577
